{
  "name": "000_warmup_credentials",
  "nodes": [
    {
      "parameters": {},
      "id": "cron_trigger_warmup",
      "name": "Cron Trigger - 6:45 AM",
      "type": "n8n-nodes-base.cron",
      "typeVersion": 1,
      "position": [
        -112,
        144
      ]
    },
    {
      "parameters": {
        "url": "https://api.businesscentral.dynamics.com/v2.0/a18dc497-a8b8-4740-b723-65362ab7a3fb/Pruebas_PS/api/Power_Solution/PS_API/v2.0/companies",
        "authentication": "genericCredentialType",
        "genericAuthType": "oAuth2Api",
        "options": {
          "timeout": 10000
        }
      },
      "id": "warmup_companies",
      "name": "Warmup - Companies BC",
      "type": "n8n-nodes-base.httpRequest",
      "typeVersion": 4.1,
      "position": [
        240,
        160
      ],
      "credentials": {
        "oAuth2Api": {
          "id": "5caHilW1m87Snw87",
          "name": "Business Central"
        }
      }
    },
    {
      "parameters": {
        "url": "https://api.businesscentral.dynamics.com/v2.0/a18dc497-a8b8-4740-b723-65362ab7a3fb/Pruebas_PS/api/Power_Solution/PS_API/v2.0/companies(ca9dc1bf-54ee-ed11-884a-000d3a455d5b)/Proyectos?$top=1",
        "authentication": "genericCredentialType",
        "genericAuthType": "oAuth2Api",
        "options": {
          "timeout": 10000
        }
      },
      "id": "warmup_proyectos_sample",
      "name": "Warmup - Proyectos Sample BC",
      "type": "n8n-nodes-base.httpRequest",
      "typeVersion": 4.1,
      "position": [
        240,
        320
      ],
      "credentials": {
        "oAuth2Api": {
          "id": "5caHilW1m87Snw87",
          "name": "Business Central"
        }
      }
    },
    {
      "parameters": {
        "jsCode": "// Nodo de éxito - credenciales activadas\nreturn [{\n  json: {\n    message: 'Credenciales OAuth2 activadas exitosamente',\n    timestamp: new Date().toISOString(),\n    status: 'success',\n    details: 'Warmup completado con 2 llamadas HTTP básicas'\n  }\n}];"
      },
      "id": "success_node",
      "name": "Credenciales Activadas",
      "type": "n8n-nodes-base.code",
      "typeVersion": 2,
      "position": [
        688,
        240
      ]
    }
  ],
  "pinData": {},
  "connections": {
    "Cron Trigger - 6:45 AM": {
      "main": [
        [
          {
            "node": "Warmup - Companies BC",
            "type": "main",
            "index": 0
          }
        ]
      ]
    },
    "Warmup - Companies BC": {
      "main": [
        [
          {
            "node": "Warmup - Proyectos Sample BC",
            "type": "main",
            "index": 0
          }
        ]
      ]
    },
    "Warmup - Proyectos Sample BC": {
      "main": [
        [
          {
            "node": "Credenciales Activadas",
            "type": "main",
            "index": 0
          }
        ]
      ]
    }
  },
  "active": true,
  "settings": {},
  "versionId": "cc46b382-38f8-40bf-ae9a-d6ffd3fdc50b",
  "meta": {
    "instanceId": "5f4a76193498dfc211473f5de0a4e75faf68e0d1feb31e98054dc9c9b3f6aa8c"
  },
  "id": "MdL3sMyi1Ire7BOC",
  "tags": []
}
